gender,forecast_date,playin_flag,rd1_win,rd2_win,rd3_win,rd4_win,rd5_win,rd6_win,rd7_win,results_to,team_alive,team_id,team_name,team_rating,team_region,team_seed,team_slot
mens,3/22/21,0,1,1,1,0.798894203,0.621754117,0.464642498,0.31833208,3,1,2250,Gonzaga,96.71,West,1,0
mens,3/22/21,0,1,1,1,0.757145447,0.600660007,0.408825862,0.213599711,3,1,239,Baylor,94.23,South,1,96
mens,3/22/21,0,1,1,1,0.701542819,0.450400764,0.212853574,0.090450521,3,1,248,Houston,90.89,Midwest,2,92
mens,3/22/21,0,1,1,1,0.637716575,0.33591477,0.12253874,0.060881332,3,1,333,Alabama,90.18,East,2,60
mens,3/22/21,0,1,1,1,0.604553642,0.1788247,0.096457793,0.047315014,3,1,30,Southern California,89.82,West,6,16
mens,3/22/21,0,1,1,1,0.525710456,0.275143869,0.09638988,0.046473319,3,1,130,Michigan,89.52,East,1,32
mens,3/22/21,0,1,1,1,0.692071465,0.313235297,0.124904214,0.04490999,3,1,2350,Loyola (IL),88.6,Midwest,8,68
mens,3/22/21,0,1,1,1,0.474289544,0.238670217,0.079906256,0.037242005,3,1,52,Florida State,88.93,East,4,44
mens,3/22/21,0,1,1,1,0.875696356,0.242219721,0.107422675,0.033971776,3,1,8,Arkansas,87.57,South,3,116
mens,3/22/21,0,1,1,1,0.201105797,0.10708796,0.055095727,0.025832461,3,1,156,Creighton,88.85,West,5,8
mens,3/22/21,0,1,1,1,0.242854553,0.148208165,0.071329859,0.024665463,3,1,222,Villanova,87.75,South,5,104
mens,3/22/21,0,1,1,1,0.395446358,0.092333223,0.042645194,0.018066792,3,1,2483,Oregon,87.39,West,7,24
mens,3/22/21,1,1,1,1,0.362283425,0.150271144,0.042323913,0.017291464,3,1,26,UCLA,86.95,East,11b,51
mens,3/22/21,0,1,1,1,0.298457181,0.142563512,0.047506571,0.014343366,3,1,183,Syracuse,86.02,Midwest,11,82
mens,3/22/21,0,1,1,1,0.307928535,0.093800427,0.025843247,0.006488969,3,1,204,Oregon State,83.98,Midwest,12,74
mens,3/22/21,0,1,1,1,0.124303644,0.008912107,0.001313996,0.000135738,3,1,198,Oral Roberts,76.43,South,15,126
mens,3/22/21,0,1,1,0,0,0,0,0,7,0,201,Oklahoma,81.98,West,8,4
mens,3/22/21,0,1,1,0,0,0,0,0,7,0,195,Ohio,79.18,West,13,14
mens,3/22/21,0,1,1,0,0,0,0,0,7,0,2305,Kansas,88.23,West,3,20
mens,3/22/21,0,1,1,0,0,0,0,0,7,0,2294,Iowa,90.92,West,2,28
mens,3/22/21,0,1,1,0,0,0,0,0,7,0,99,Louisiana State,86.3,East,8,36
mens,3/22/21,0,1,1,0,0,0,0,0,7,0,38,Colorado,87.2,East,5,40
mens,3/22/21,0,1,1,0,0,0,0,0,7,0,2000,Abilene Christian,78.06,East,14,54
mens,3/22/21,0,1,1,0,0,0,0,0,7,0,120,Maryland,85.64,East,10,58
mens,3/22/21,0,1,1,0,0,0,0,0,7,0,356,Illinois,93.92,Midwest,1,64
mens,3/22/21,0,1,1,0,0,0,0,0,7,0,197,Oklahoma State,85.28,Midwest,4,76
mens,3/22/21,0,1,1,0,0,0,0,0,7,0,277,West Virginia,86.86,Midwest,3,84
mens,3/22/21,0,1,1,0,0,0,0,0,7,0,164,Rutgers,84.74,Midwest,10,90
mens,3/22/21,0,1,1,0,0,0,0,0,7,0,275,Wisconsin,89.19,South,9,102
mens,3/22/21,0,1,1,0,0,0,0,0,7,0,249,North Texas,80.45,South,13,110
mens,3/22/21,0,1,1,0,0,0,0,0,7,0,2641,Texas Tech,87.26,South,6,112
mens,3/22/21,0,1,1,0,0,0,0,0,7,0,57,Florida,83.71,South,7,120
mens,3/22/21,1,1,0,0,0,0,0,0,7,0,2450,Norfolk State,68.88,West,16a,2
mens,3/22/21,0,1,0,0,0,0,0,0,7,0,142,Missouri,81.85,West,9,6
mens,3/22/21,0,1,0,0,0,0,0,0,7,0,2540,UC-Santa Barbara,78.41,West,12,10
mens,3/22/21,0,1,0,0,0,0,0,0,7,0,258,Virginia,88.07,West,4,12
mens,3/22/21,1,1,0,0,0,0,0,0,7,0,2181,Drake,78.18,West,11a,18
mens,3/22/21,0,1,0,0,0,0,0,0,7,0,331,Eastern Washington,76.07,West,14,22
mens,3/22/21,0,1,0,0,0,0,0,0,7,0,2670,Virginia Commonwealth,81.69,West,10,26
mens,3/22/21,0,1,0,0,0,0,0,0,7,0,2253,Grand Canyon,74.72,West,15,30
mens,3/22/21,1,1,0,0,0,0,0,0,7,0,2640,Texas Southern,69.88,East,16b,35
mens,3/22/21,0,1,0,0,0,0,0,0,7,0,179,St. Bonaventure,82.87,East,9,38
mens,3/22/21,0,1,0,0,0,0,0,0,7,0,46,Georgetown,81.33,East,12,42
mens,3/22/21,0,1,0,0,0,0,0,0,7,0,2430,North Carolina-Greensboro,77.75,East,13,46
mens,3/22/21,0,1,0,0,0,0,0,0,7,0,252,Brigham Young,84.53,East,6,48
mens,3/22/21,0,1,0,0,0,0,0,0,7,0,251,Texas,86.75,East,3,52
mens,3/22/21,0,1,0,0,0,0,0,0,7,0,41,Connecticut,85.26,East,7,56
mens,3/22/21,0,1,0,0,0,0,0,0,7,0,314,Iona,71.81,East,15,62
mens,3/22/21,0,1,0,0,0,0,0,0,7,0,2182,Drexel,72.43,Midwest,16,66
mens,3/22/21,0,1,0,0,0,0,0,0,7,0,59,Georgia Tech,79.84,Midwest,9,70
mens,3/22/21,0,1,0,0,0,0,0,0,7,0,2633,Tennessee,85.79,Midwest,5,72
mens,3/22/21,0,1,0,0,0,0,0,0,7,0,2335,Liberty,76.98,Midwest,13,78
mens,3/22/21,0,1,0,0,0,0,0,0,7,0,21,San Diego State,85.6,Midwest,6,80
mens,3/22/21,0,1,0,0,0,0,0,0,7,0,2413,Morehead State,73.72,Midwest,14,86
mens,3/22/21,0,1,0,0,0,0,0,0,7,0,228,Clemson,82.37,Midwest,7,88
mens,3/22/21,0,1,0,0,0,0,0,0,7,0,325,Cleveland State,71.8,Midwest,15,94
mens,3/22/21,0,1,0,0,0,0,0,0,7,0,42,Hartford,70.93,South,16,98
mens,3/22/21,0,1,0,0,0,0,0,0,7,0,153,North Carolina,86.09,South,8,100
mens,3/22/21,0,1,0,0,0,0,0,0,7,0,2737,Winthrop,78.42,South,12,106
mens,3/22/21,0,1,0,0,0,0,0,0,7,0,2509,Purdue,86.47,South,4,108
mens,3/22/21,0,1,0,0,0,0,0,0,7,0,328,Utah State,82.37,South,11,114
mens,3/22/21,0,1,0,0,0,0,0,0,7,0,2142,Colgate,79.61,South,14,118
mens,3/22/21,0,1,0,0,0,0,0,0,7,0,259,Virginia Tech,81.21,South,10,122
mens,3/22/21,0,1,0,0,0,0,0,0,7,0,194,Ohio State,89.35,South,2,124
mens,3/22/21,1,0,0,0,0,0,0,0,7,0,2026,Appalachian State,70.28,West,16b,3
mens,3/22/21,1,0,0,0,0,0,0,0,7,0,2724,Wichita State,79.9,West,11b,19
mens,3/22/21,1,0,0,0,0,0,0,0,7,0,116,Mount St. Mary's,68.91,East,16a,34
mens,3/22/21,1,0,0,0,0,0,0,0,7,0,127,Michigan State,82.87,East,11a,50
mens,3/21/21,0,1,1,0.927856117,0.791347736,0.588078567,0.45479331,0.309792637,2,1,2250,Gonzaga,96.54,West,1,0
mens,3/21/21,0,1,1,1,0.757145447,0.600660007,0.408825862,0.21728129,3,1,239,Baylor,94.23,South,1,96
mens,3/21/21,0,1,1,1,0.701542819,0.450400764,0.212853574,0.092483442,3,1,248,Houston,90.89,Midwest,2,92
mens,3/21/21,0,1,1,0.751762957,0.46949258,0.177543424,0.113200664,0.061338255,2,1,2294,Iowa,90.92,West,2,28
mens,3/21/21,0,1,1,1,0.692071465,0.313235297,0.124904214,0.046103023,3,1,2350,Loyola (IL),88.6,Midwest,8,68
mens,3/21/21,0,1,1,0.640505535,0.470304417,0.246867913,0.084611803,0.040007192,2,1,333,Alabama,88.93,East,2,60
mens,3/21/21,0,1,1,1,0.875696356,0.242219721,0.107422675,0.034976607,3,1,8,Arkansas,87.57,South,3,116
mens,3/21/21,0,1,1,0.604183956,0.336777404,0.19893936,0.069158425,0.033049182,2,1,130,Michigan,88.71,East,1,32
mens,3/21/21,0,1,1,1,0.242854553,0.148208165,0.071329859,0.025343622,3,1,222,Villanova,87.75,South,5,104
mens,3/21/21,0,1,1,0.581716242,0.265198203,0.082257074,0.046540293,0.02215493,2,1,2305,Kansas,88.23,West,3,20
mens,3/21/21,0,1,1,0.504312891,0.240798177,0.131318333,0.040953777,0.018030887,2,1,38,Colorado,87.2,East,5,40
mens,3/21/21,0,1,1,0.495687109,0.234999445,0.127462356,0.039466713,0.01728124,2,1,52,Florida State,87.1,East,4,44
mens,3/21/21,0,1,1,0.801668199,0.157322512,0.069314595,0.035341374,0.015099622,2,1,156,Creighton,87.15,West,5,8
mens,3/21/21,0,1,1,1,0.298457181,0.142563512,0.047506571,0.014782763,3,1,183,Syracuse,86.02,Midwest,11,82
mens,3/21/21,0,1,1,0.395816044,0.187424975,0.097187125,0.028376602,0.011878022,2,1,99,Louisiana State,86.3,East,8,36
mens,3/21/21,0,1,1,0.359494465,0.229396318,0.096479933,0.025799214,0.010086019,2,1,120,Maryland,85.64,East,10,58
mens,3/21/21,0,1,1,0.418283758,0.164923035,0.043883491,0.022475498,0.009646881,2,1,30,Southern California,86.35,West,6,16
mens,3/21/21,1,1,1,0.75452255,0.257675779,0.093354169,0.021314174,0.007350595,2,1,26,UCLA,84.47,East,11b,51
mens,3/21/21,0,1,1,1,0.307928535,0.093800427,0.025843247,0.006713773,3,1,204,Oregon State,83.98,Midwest,12,74
mens,3/21/21,0,1,1,0.248237043,0.100386183,0.022643886,0.01034847,0.003959005,2,1,2483,Oregon,84.6,West,7,24
mens,3/21/21,0,1,1,0.072143883,0.03617076,0.013076274,0.005690723,0.002073902,2,1,201,Oklahoma,81.98,West,8,4
mens,3/21/21,0,1,1,0.24547745,0.042623486,0.00839081,0.001036672,0.000213359,2,1,2000,Abilene Christian,78.06,East,14,54
mens,3/21/21,0,1,1,0.198331801,0.015158992,0.003202689,0.000892287,0.000211341,2,1,195,Ohio,79.18,West,13,14
mens,3/21/21,0,1,1,1,0.124303644,0.008912107,0.001313996,0.000142411,3,1,198,Oral Roberts,76.43,South,15,126
mens,3/21/21,0,1,1,0,0,0,0,0,7,0,356,Illinois,93.92,Midwest,1,64
mens,3/21/21,0,1,1,0,0,0,0,0,7,0,197,Oklahoma State,85.28,Midwest,4,76
mens,3/21/21,0,1,1,0,0,0,0,0,7,0,277,West Virginia,86.86,Midwest,3,84
mens,3/21/21,0,1,1,0,0,0,0,0,7,0,164,Rutgers,84.74,Midwest,10,90
mens,3/21/21,0,1,1,0,0,0,0,0,7,0,275,Wisconsin,89.19,South,9,102
mens,3/21/21,0,1,1,0,0,0,0,0,7,0,249,North Texas,80.45,South,13,110
mens,3/21/21,0,1,1,0,0,0,0,0,7,0,2641,Texas Tech,87.26,South,6,112
mens,3/21/21,0,1,1,0,0,0,0,0,7,0,57,Florida,83.71,South,7,120
mens,3/21/21,1,1,0,0,0,0,0,0,7,0,2450,Norfolk State,68.88,West,16a,2
mens,3/21/21,0,1,0,0,0,0,0,0,7,0,142,Missouri,81.85,West,9,6
mens,3/21/21,0,1,0,0,0,0,0,0,7,0,2540,UC-Santa Barbara,78.41,West,12,10
mens,3/21/21,0,1,0,0,0,0,0,0,7,0,258,Virginia,88.07,West,4,12
mens,3/21/21,1,1,0,0,0,0,0,0,7,0,2181,Drake,78.18,West,11a,18
mens,3/21/21,0,1,0,0,0,0,0,0,7,0,331,Eastern Washington,76.07,West,14,22
mens,3/21/21,0,1,0,0,0,0,0,0,7,0,2670,Virginia Commonwealth,81.69,West,10,26
mens,3/21/21,0,1,0,0,0,0,0,0,7,0,2253,Grand Canyon,74.72,West,15,30
mens,3/21/21,1,1,0,0,0,0,0,0,7,0,2640,Texas Southern,69.88,East,16b,35
mens,3/21/21,0,1,0,0,0,0,0,0,7,0,179,St. Bonaventure,82.87,East,9,38
mens,3/21/21,0,1,0,0,0,0,0,0,7,0,46,Georgetown,81.33,East,12,42
mens,3/21/21,0,1,0,0,0,0,0,0,7,0,2430,North Carolina-Greensboro,77.75,East,13,46
mens,3/21/21,0,1,0,0,0,0,0,0,7,0,252,Brigham Young,84.53,East,6,48
mens,3/21/21,0,1,0,0,0,0,0,0,7,0,251,Texas,86.75,East,3,52
mens,3/21/21,0,1,0,0,0,0,0,0,7,0,41,Connecticut,85.26,East,7,56
mens,3/21/21,0,1,0,0,0,0,0,0,7,0,314,Iona,71.81,East,15,62
mens,3/21/21,0,1,0,0,0,0,0,0,7,0,2182,Drexel,72.43,Midwest,16,66
mens,3/21/21,0,1,0,0,0,0,0,0,7,0,59,Georgia Tech,79.84,Midwest,9,70
mens,3/21/21,0,1,0,0,0,0,0,0,7,0,2633,Tennessee,85.79,Midwest,5,72
mens,3/21/21,0,1,0,0,0,0,0,0,7,0,2335,Liberty,76.98,Midwest,13,78
mens,3/21/21,0,1,0,0,0,0,0,0,7,0,21,San Diego State,85.6,Midwest,6,80
mens,3/21/21,0,1,0,0,0,0,0,0,7,0,2413,Morehead State,73.72,Midwest,14,86
mens,3/21/21,0,1,0,0,0,0,0,0,7,0,228,Clemson,82.37,Midwest,7,88
mens,3/21/21,0,1,0,0,0,0,0,0,7,0,325,Cleveland State,71.8,Midwest,15,94
mens,3/21/21,0,1,0,0,0,0,0,0,7,0,42,Hartford,70.93,South,16,98
mens,3/21/21,0,1,0,0,0,0,0,0,7,0,153,North Carolina,86.09,South,8,100
mens,3/21/21,0,1,0,0,0,0,0,0,7,0,2737,Winthrop,78.42,South,12,106
mens,3/21/21,0,1,0,0,0,0,0,0,7,0,2509,Purdue,86.47,South,4,108
mens,3/21/21,0,1,0,0,0,0,0,0,7,0,328,Utah State,82.37,South,11,114
mens,3/21/21,0,1,0,0,0,0,0,0,7,0,2142,Colgate,79.61,South,14,118
mens,3/21/21,0,1,0,0,0,0,0,0,7,0,259,Virginia Tech,81.21,South,10,122
mens,3/21/21,0,1,0,0,0,0,0,0,7,0,194,Ohio State,89.35,South,2,124
mens,3/21/21,1,0,0,0,0,0,0,0,7,0,2026,Appalachian State,70.28,West,16b,3
mens,3/21/21,1,0,0,0,0,0,0,0,7,0,2724,Wichita State,79.9,West,11b,19
mens,3/21/21,1,0,0,0,0,0,0,0,7,0,116,Mount St. Mary's,68.91,East,16a,34
mens,3/21/21,1,0,0,0,0,0,0,0,7,0,127,Michigan State,82.87,East,11a,50
mens,3/20/21,0,1,1,0.927856117,0.791347736,0.589340224,0.455701307,0.294973732,2,1,2250,Gonzaga,96.54,West,1,0
mens,3/20/21,0,1,1,0.807254788,0.669562949,0.457382552,0.284086685,0.155308832,2,1,356,Illinois,93.92,Midwest,1,64
mens,3/20/21,0,1,1,0.687327005,0.576780435,0.441268963,0.25898779,0.140687048,2,1,239,Baylor,93.68,South,1,96
mens,3/20/21,0,1,1,0.738833034,0.492672039,0.237223124,0.126005054,0.058434624,2,1,248,Houston,90.67,Midwest,2,92
mens,3/20/21,0,1,1,0.751762957,0.475623042,0.179517219,0.114332756,0.05755717,2,1,2294,Iowa,90.92,West,2,28
mens,3/20/21,0,1,1,0.640505535,0.470304417,0.246867913,0.084686398,0.036863469,2,1,333,Alabama,88.93,East,2,60
mens,3/20/21,0,1,1,0.604183956,0.336777404,0.19893936,0.06921794,0.030474622,2,1,130,Michigan,88.71,East,1,32
mens,3/20/21,0,1,1,0.312672995,0.230279845,0.148697496,0.068215073,0.029266732,2,1,275,Wisconsin,89.19,South,9,102
mens,3/20/21,0,1,1,0.51273724,0.366848665,0.1318055,0.05145363,0.018989469,2,1,2641,Texas Tech,87.26,South,6,112
mens,3/20/21,0,1,1,0.457007754,0.21399269,0.06832667,0.039366033,0.017621079,2,1,2305,Kansas,85.37,West,3,20
mens,3/20/21,0,1,1,0.48726276,0.344700584,0.121117446,0.046354763,0.016796494,2,1,8,Arkansas,86.97,South,3,116
mens,3/20/21,0,1,1,0.504312891,0.240798177,0.131318333,0.040995736,0.016535793,2,1,38,Colorado,87.2,East,5,40
mens,3/20/21,0,1,1,0.495687109,0.234999445,0.127462356,0.039507584,0.015842809,2,1,52,Florida State,87.1,East,4,44
mens,3/20/21,0,1,1,0.801668199,0.157322512,0.069745469,0.035541531,0.013877661,2,1,156,Creighton,87.15,West,5,8
mens,3/20/21,0,1,1,0.570979763,0.23322177,0.08665776,0.036965545,0.013740515,2,1,277,West Virginia,86.86,Midwest,3,84
mens,3/20/21,0,1,1,0.395816044,0.187424975,0.097187125,0.028408566,0.0108592,2,1,99,Louisiana State,86.3,East,8,36
mens,3/20/21,0,1,1,0.542992246,0.207686018,0.053554931,0.02685548,0.010304736,2,1,30,Southern California,86.35,West,6,16
mens,3/20/21,0,1,1,0.359494465,0.229396318,0.096479933,0.025831817,0.009184616,2,1,120,Maryland,85.64,East,10,58
mens,3/20/21,0,1,1,0.700030466,0.154936145,0.076726341,0.025276476,0.007972608,2,1,222,Villanova,85.28,South,5,104
mens,3/20/21,0,1,1,0.626583227,0.149354342,0.05997283,0.022293994,0.007235734,2,1,197,Oklahoma State,85.28,Midwest,4,76
mens,3/20/21,0,1,1,0.192745212,0.115963264,0.04964401,0.019574426,0.006731659,2,1,2350,Loyola (IL),85.75,Midwest,8,68
mens,3/20/21,1,1,1,0.75452255,0.257675779,0.093354169,0.021346368,0.006650326,2,1,26,UCLA,84.47,East,11b,51
mens,3/20/21,0,1,1,0.429020237,0.153025979,0.050289314,0.019305294,0.006466634,2,1,183,Syracuse,85.23,Midwest,11,82
mens,3/20/21,0,1,1,0.81913093,0.266429592,0.065166262,0.018009508,0.004829437,2,1,57,Florida,83.71,South,7,120
mens,3/20/21,0,1,1,0.261166966,0.121080212,0.038311248,0.014233152,0.004616814,2,1,164,Rutgers,84.74,Midwest,10,90
mens,3/20/21,0,1,1,0.248237043,0.102698249,0.023102403,0.010537619,0.003654809,2,1,2483,Oregon,84.6,West,7,24
mens,3/20/21,0,1,1,0.072143883,0.03617076,0.013175971,0.00573046,0.001890892,2,1,201,Oklahoma,81.98,West,8,4
mens,3/20/21,0,1,1,0.373416773,0.065119445,0.020519162,0.006116496,0.001600842,2,1,204,Oregon State,82.32,Midwest,12,74
mens,3/20/21,0,1,1,0.299969534,0.038003575,0.013081389,0.002873705,0.000622899,2,1,249,North Texas,80.45,South,13,110
mens,3/20/21,0,1,1,0.198331801,0.015158992,0.003237113,0.000901273,0.000189766,2,1,195,Ohio,79.18,West,13,14
mens,3/20/21,0,1,1,0.24547745,0.042623486,0.00839081,0.001039132,0.00018939,2,1,2000,Abilene Christian,78.06,East,14,54
mens,3/20/21,0,1,1,0.18086907,0.022021159,0.002136604,0.000248409,2.96E-05,2,1,198,Oral Roberts,75.1,South,15,126
mens,3/20/21,1,1,0,0,0,0,0,0,7,0,2450,Norfolk State,68.88,West,16a,2
mens,3/20/21,0,1,0,0,0,0,0,0,7,0,142,Missouri,81.85,West,9,6
mens,3/20/21,0,1,0,0,0,0,0,0,7,0,2540,UC-Santa Barbara,78.41,West,12,10
mens,3/20/21,0,1,0,0,0,0,0,0,7,0,258,Virginia,88.07,West,4,12
mens,3/20/21,1,1,0,0,0,0,0,0,7,0,2181,Drake,78.18,West,11a,18
mens,3/20/21,0,1,0,0,0,0,0,0,7,0,331,Eastern Washington,76.07,West,14,22
mens,3/20/21,0,1,0,0,0,0,0,0,7,0,2670,Virginia Commonwealth,81.69,West,10,26
mens,3/20/21,0,1,0,0,0,0,0,0,7,0,2253,Grand Canyon,74.72,West,15,30
mens,3/20/21,1,1,0,0,0,0,0,0,7,0,2640,Texas Southern,69.88,East,16b,35
mens,3/20/21,0,1,0,0,0,0,0,0,7,0,179,St. Bonaventure,82.87,East,9,38
mens,3/20/21,0,1,0,0,0,0,0,0,7,0,46,Georgetown,81.33,East,12,42
mens,3/20/21,0,1,0,0,0,0,0,0,7,0,2430,North Carolina-Greensboro,77.75,East,13,46
mens,3/20/21,0,1,0,0,0,0,0,0,7,0,252,Brigham Young,84.53,East,6,48
mens,3/20/21,0,1,0,0,0,0,0,0,7,0,251,Texas,86.75,East,3,52
mens,3/20/21,0,1,0,0,0,0,0,0,7,0,41,Connecticut,85.26,East,7,56
mens,3/20/21,0,1,0,0,0,0,0,0,7,0,314,Iona,71.81,East,15,62
mens,3/20/21,0,1,0,0,0,0,0,0,7,0,2182,Drexel,72.43,Midwest,16,66
mens,3/20/21,0,1,0,0,0,0,0,0,7,0,59,Georgia Tech,79.84,Midwest,9,70
mens,3/20/21,0,1,0,0,0,0,0,0,7,0,2633,Tennessee,85.79,Midwest,5,72
mens,3/20/21,0,1,0,0,0,0,0,0,7,0,2335,Liberty,76.98,Midwest,13,78
mens,3/20/21,0,1,0,0,0,0,0,0,7,0,21,San Diego State,85.6,Midwest,6,80
mens,3/20/21,0,1,0,0,0,0,0,0,7,0,2413,Morehead State,73.72,Midwest,14,86
mens,3/20/21,0,1,0,0,0,0,0,0,7,0,228,Clemson,82.37,Midwest,7,88
mens,3/20/21,0,1,0,0,0,0,0,0,7,0,325,Cleveland State,71.8,Midwest,15,94
mens,3/20/21,0,1,0,0,0,0,0,0,7,0,42,Hartford,70.93,South,16,98
mens,3/20/21,0,1,0,0,0,0,0,0,7,0,153,North Carolina,86.09,South,8,100
mens,3/20/21,0,1,0,0,0,0,0,0,7,0,2737,Winthrop,78.42,South,12,106
mens,3/20/21,0,1,0,0,0,0,0,0,7,0,2509,Purdue,86.47,South,4,108
mens,3/20/21,0,1,0,0,0,0,0,0,7,0,328,Utah State,82.37,South,11,114
mens,3/20/21,0,1,0,0,0,0,0,0,7,0,2142,Colgate,79.61,South,14,118
mens,3/20/21,0,1,0,0,0,0,0,0,7,0,259,Virginia Tech,81.21,South,10,122
mens,3/20/21,0,1,0,0,0,0,0,0,7,0,194,Ohio State,89.35,South,2,124
mens,3/20/21,1,0,0,0,0,0,0,0,7,0,2026,Appalachian State,70.28,West,16b,3
mens,3/20/21,1,0,0,0,0,0,0,0,7,0,2724,Wichita State,79.9,West,11b,19
mens,3/20/21,1,0,0,0,0,0,0,0,7,0,116,Mount St. Mary's,68.91,East,16a,34
mens,3/20/21,1,0,0,0,0,0,0,0,7,0,127,Michigan State,82.87,East,11a,50
mens,3/19/21,0,1,0.992204461,0.911513583,0.733700749,0.554088038,0.42940344,0.279562372,1,1,2250,Gonzaga,96.52,West,1,0
mens,3/19/21,0,1,1,0.807254788,0.669562949,0.457382552,0.284086685,0.156192899,2,1,356,Illinois,93.92,Midwest,1,64
mens,3/19/21,0,1,1,0.687327005,0.576780435,0.441268963,0.25898779,0.141494059,2,1,239,Baylor,93.68,South,1,96
mens,3/19/21,0,1,1,0.738833034,0.492672039,0.237223124,0.126005054,0.05882589,2,1,248,Houston,90.67,Midwest,2,92
mens,3/19/21,0,1,0.943889038,0.708216859,0.468616023,0.176530623,0.11180469,0.056147859,1,1,2294,Iowa,90.81,West,2,28
mens,3/19/21,0,1,0.951935241,0.595572422,0.369402625,0.20665783,0.07356091,0.032668933,1,1,333,Alabama,88.84,East,2,60
mens,3/19/21,0,1,0.964090839,0.621324471,0.369136363,0.203169552,0.070930395,0.031011836,1,1,130,Michigan,88.64,East,1,32
mens,3/19/21,0,1,1,0.312672995,0.230279845,0.148697496,0.068215073,0.029473996,2,1,275,Wisconsin,89.19,South,9,102
mens,3/19/21,0,1,1,0.51273724,0.366848665,0.1318055,0.05145363,0.019135448,2,1,2641,Texas Tech,87.26,South,6,112
mens,3/19/21,0,1,0.864190547,0.509315198,0.129318612,0.067540813,0.038388767,0.017007364,1,1,258,Virginia,88.07,West,4,12
mens,3/19/21,0,1,1,0.48726276,0.344700584,0.121117446,0.046354763,0.01692666,2,1,8,Arkansas,86.97,South,3,116
mens,3/19/21,0,1,0.82824197,0.429181952,0.204314914,0.064637899,0.036892469,0.0164216,1,1,2305,Kansas,85.04,West,3,20
mens,3/19/21,0,1,0.845872572,0.500489332,0.234034194,0.11685774,0.03623693,0.014387405,1,1,251,Texas,86.75,East,3,52
mens,3/19/21,0,1,0.829323844,0.469730054,0.228092802,0.114478628,0.035747158,0.014274058,1,1,52,Florida State,86.76,East,4,44
mens,3/19/21,0,1,1,0.570979763,0.23322177,0.08665776,0.036965545,0.013845801,2,1,277,West Virginia,86.86,Midwest,3,84
mens,3/19/21,0,1,0.818708353,0.413032018,0.095642043,0.047096576,0.025488881,0.010691948,1,1,156,Creighton,87,West,5,8
mens,3/19/21,0,1,0.695153053,0.369625859,0.174151302,0.085134034,0.025773135,0.010033312,1,1,38,Colorado,86.03,East,5,40
mens,3/19/21,0,1,0.790674148,0.460453521,0.177756455,0.044576924,0.021898007,0.008269692,1,1,30,Southern California,85.76,West,6,16
mens,3/19/21,0,1,1,0.700030466,0.154936145,0.076726341,0.025276476,0.008037576,2,1,222,Villanova,85.28,South,5,104
mens,3/19/21,0,1,1,0.626583227,0.149354342,0.05997283,0.022293994,0.007294171,2,1,197,Oklahoma State,85.28,Midwest,4,76
mens,3/19/21,0,1,1,0.192745212,0.115963264,0.04964401,0.019574426,0.006784935,2,1,2350,Loyola (IL),85.75,Midwest,8,68
mens,3/19/21,0,1,1,0.429020237,0.153025979,0.050289314,0.019305294,0.006518305,2,1,183,Syracuse,85.23,Midwest,11,82
mens,3/19/21,0,1,0.539299601,0.222329021,0.118276452,0.056516261,0.016646672,0.006335874,1,1,41,Connecticut,85.26,East,7,56
mens,3/19/21,0,1,0.595085068,0.239744228,0.120716025,0.056436867,0.016224051,0.006052379,1,1,99,Louisiana State,85.07,East,8,36
mens,3/19/21,0,1,0.570310707,0.274807464,0.113177882,0.050751559,0.013899608,0.004981139,1,1,252,Brigham Young,84.53,East,6,48
mens,3/19/21,0,1,1,0.81913093,0.266429592,0.065166262,0.018009508,0.004870394,2,1,57,Florida,83.71,South,7,120
mens,3/19/21,0,1,1,0.261166966,0.121080212,0.038311248,0.014233152,0.004654107,2,1,164,Rutgers,84.74,Midwest,10,90
mens,3/19/21,0,1,0.460700399,0.176837481,0.089161441,0.040376309,0.011181887,0.004044433,1,1,120,Maryland,84.36,East,10,58
mens,3/19/21,0,1,0.624959735,0.192295646,0.092560759,0.02224047,0.010613217,0.003886468,1,1,2483,Oregon,84.6,West,7,24
mens,3/19/21,1,1,0.429689293,0.184489976,0.06722179,0.027167095,0.006626075,0.002155028,1,1,26,UCLA,82.92,East,11b,51
mens,3/19/21,0,1,0.404914932,0.135654879,0.059120013,0.024051895,0.005914474,0.001936894,1,1,179,St. Bonaventure,82.87,East,9,38
mens,3/19/21,0,1,1,0.373416773,0.065119445,0.020519162,0.006116496,0.001614481,2,1,204,Oregon State,82.32,Midwest,12,74
mens,3/19/21,0,1,0.47030284,0.039426949,0.016904186,0.006743071,0.003059731,0.001062684,1,1,201,Oklahoma,81.17,West,8,4
mens,3/19/21,0,1,0.304846947,0.115145827,0.038106237,0.013689705,0.002941701,0.000859226,1,1,46,Georgetown,81.33,East,12,42
mens,3/19/21,0,1,0.375040265,0.087786764,0.034508014,0.00646073,0.002582275,0.000787036,1,1,2670,Virginia Commonwealth,81.69,West,10,26
mens,3/19/21,0,1,0.52969716,0.048140571,0.017270692,0.005827792,0.002294736,0.000688861,1,1,142,Missouri,81.85,West,9,6
mens,3/19/21,0,1,1,0.299969534,0.038003575,0.013081389,0.002873705,0.000628349,2,1,249,North Texas,80.45,South,13,110
mens,3/19/21,1,1,0.209325852,0.069598984,0.013760842,0.001722694,0.000504034,0.000112574,1,1,2181,Drake,78.18,West,11a,18
mens,3/19/21,0,1,0.170676156,0.045498261,0.010362607,0.002673832,0.000406783,8.80E-05,1,1,2430,North Carolina-Greensboro,77.75,East,13,46
mens,3/19/21,0,1,0.181291647,0.043862945,0.004215331,0.001072858,0.000330986,7.79E-05,1,1,2540,UC-Santa Barbara,78.41,West,12,10
mens,3/19/21,0,1,0.154127428,0.040213228,0.008020751,0.001919333,0.000270088,5.45E-05,1,1,2000,Abilene Christian,77.04,East,14,54
mens,3/19/21,0,1,0.135809453,0.033789839,0.002884461,0.000664313,0.000187673,4.05E-05,1,1,195,Ohio,77.51,West,13,14
mens,3/19/21,0,1,1,0.18086907,0.022021159,0.002136604,0.000248409,2.99E-05,2,1,198,Oral Roberts,75.1,South,15,126
mens,3/19/21,0,1,0.17175803,0.040765543,0.006283443,0.000611597,0.000145238,2.65E-05,1,1,331,Eastern Washington,76.07,West,14,22
mens,3/19/21,0,1,0.056110962,0.011700731,0.002199549,0.000181084,3.72E-05,5.90E-06,1,1,2253,Grand Canyon,74.72,West,15,30
mens,3/19/21,0,1,0.048064759,0.005261076,0.000704865,8.91E-05,6.61E-06,7.41E-07,1,1,314,Iona,71.81,East,15,62
mens,3/19/21,1,1,0.035909161,0.003276422,0.000314651,3.02E-05,1.71E-06,1.48E-07,1,1,2640,Texas Southern,69.88,East,16b,35
mens,3/19/21,1,1,0.007795539,0.000918896,6.39E-05,4.52E-06,4.28E-07,3.18E-08,1,1,2450,Norfolk State,68.88,West,16a,2
mens,3/19/21,0,1,0,0,0,0,0,0,7,0,2182,Drexel,72.43,Midwest,16,66
mens,3/19/21,0,1,0,0,0,0,0,0,7,0,59,Georgia Tech,79.84,Midwest,9,70
mens,3/19/21,0,1,0,0,0,0,0,0,7,0,2633,Tennessee,85.79,Midwest,5,72
mens,3/19/21,0,1,0,0,0,0,0,0,7,0,2335,Liberty,76.98,Midwest,13,78
mens,3/19/21,0,1,0,0,0,0,0,0,7,0,21,San Diego State,85.6,Midwest,6,80
mens,3/19/21,0,1,0,0,0,0,0,0,7,0,2413,Morehead State,73.72,Midwest,14,86
mens,3/19/21,0,1,0,0,0,0,0,0,7,0,228,Clemson,82.37,Midwest,7,88
mens,3/19/21,0,1,0,0,0,0,0,0,7,0,325,Cleveland State,71.8,Midwest,15,94
mens,3/19/21,0,1,0,0,0,0,0,0,7,0,42,Hartford,70.93,South,16,98
mens,3/19/21,0,1,0,0,0,0,0,0,7,0,153,North Carolina,86.09,South,8,100
mens,3/19/21,0,1,0,0,0,0,0,0,7,0,2737,Winthrop,78.42,South,12,106
mens,3/19/21,0,1,0,0,0,0,0,0,7,0,2509,Purdue,86.47,South,4,108
mens,3/19/21,0,1,0,0,0,0,0,0,7,0,328,Utah State,82.37,South,11,114
mens,3/19/21,0,1,0,0,0,0,0,0,7,0,2142,Colgate,79.61,South,14,118
mens,3/19/21,0,1,0,0,0,0,0,0,7,0,259,Virginia Tech,81.21,South,10,122
mens,3/19/21,0,1,0,0,0,0,0,0,7,0,194,Ohio State,89.35,South,2,124
mens,3/19/21,1,0,0,0,0,0,0,0,7,0,2026,Appalachian State,70.28,West,16b,3
mens,3/19/21,1,0,0,0,0,0,0,0,7,0,2724,Wichita State,79.9,West,11b,19
mens,3/19/21,1,0,0,0,0,0,0,0,7,0,116,Mount St. Mary's,68.91,East,16a,34
mens,3/19/21,1,0,0,0,0,0,0,0,7,0,127,Michigan State,82.87,East,11a,50
mens,3/18/21,0,1,0.992204461,0.911513583,0.733700749,0.554088038,0.42940344,0.279087597,1,1,2250,Gonzaga,96.52,West,1,0
mens,3/18/21,0,1,0.977151372,0.813374482,0.650669964,0.445882726,0.271847418,0.149640886,1,1,356,Illinois,93.85,Midwest,1,64
mens,3/18/21,0,1,0.981697964,0.718449209,0.568141916,0.405534928,0.240603107,0.132539452,1,1,239,Baylor,93.64,South,1,96
mens,3/18/21,0,1,0.943889038,0.708216859,0.468616023,0.176530623,0.11180469,0.055939433,1,1,2294,Iowa,90.81,West,2,28
mens,3/18/21,0,1,0.963993613,0.716903955,0.474986771,0.226273713,0.117011019,0.054653095,1,1,248,Houston,90.55,Midwest,2,92
mens,3/18/21,0,1,0.943777141,0.700860346,0.432250443,0.188864399,0.087215476,0.03784039,1,1,194,Ohio State,89.35,South,2,124
mens,3/18/21,0,1,0.951935241,0.595572422,0.369402625,0.20665783,0.07356091,0.032511092,1,1,333,Alabama,88.84,East,2,60
mens,3/18/21,0,1,0.964090839,0.621324471,0.369136363,0.203169552,0.070930395,0.030857426,1,1,130,Michigan,88.64,East,1,32
mens,3/18/21,0,1,0.864190547,0.509315198,0.129318612,0.067540813,0.038388767,0.016924804,1,1,258,Virginia,88.07,West,4,12
mens,3/18/21,0,1,0.82824197,0.429181952,0.204314914,0.064637899,0.036892469,0.016342611,1,1,2305,Kansas,85.04,West,3,20
mens,3/18/21,0,1,0.845872572,0.500489332,0.234034194,0.11685774,0.03623693,0.014302425,1,1,251,Texas,86.75,East,3,52
mens,3/18/21,0,1,0.829323844,0.469730054,0.228092802,0.114478628,0.035747158,0.01419054,1,1,52,Florida State,86.76,East,4,44
mens,3/18/21,0,1,0.905589803,0.496125754,0.20821633,0.076462407,0.031584211,0.011891655,1,1,277,West Virginia,86.62,Midwest,3,84
mens,3/18/21,0,1,0.554076105,0.163496641,0.105352684,0.058943629,0.026242618,0.011004672,1,1,275,Wisconsin,87.33,South,9,102
mens,3/18/21,0,1,0.81093441,0.500530002,0.146600543,0.073241734,0.028835676,0.010791061,1,1,2509,Purdue,86.47,South,4,108
mens,3/18/21,0,1,0.670883202,0.38144028,0.185104855,0.069451182,0.028055419,0.010751152,1,1,2641,Texas Tech,86.44,South,6,112
mens,3/18/21,0,1,0.818708353,0.413032018,0.095642043,0.047096576,0.025488881,0.010634488,1,1,156,Creighton,87,West,5,8
mens,3/18/21,0,1,0.762796672,0.403660062,0.190939009,0.069694404,0.027479435,0.010297471,1,1,8,Arkansas,86.27,South,3,116
mens,3/18/21,0,1,0.695153053,0.369625859,0.174151302,0.085134034,0.025773135,0.009972118,1,1,38,Colorado,86.03,East,5,40
mens,3/18/21,0,1,0.790674148,0.460453521,0.177756455,0.044576924,0.021898007,0.008216785,1,1,30,Southern California,85.76,West,6,16
mens,3/18/21,0,1,0.744409392,0.442076742,0.122951194,0.055379925,0.021944304,0.007944025,1,1,2633,Tennessee,85.79,Midwest,5,72
mens,3/18/21,0,1,0.609416887,0.318176163,0.130238725,0.046698727,0.018892691,0.0069747,1,1,21,San Diego State,85.6,Midwest,6,80
mens,3/18/21,0,1,0.539299601,0.222329021,0.118276452,0.056516261,0.016646672,0.006295827,1,1,41,Connecticut,85.26,East,7,56
mens,3/18/21,0,1,0.445923895,0.116758641,0.070998831,0.037246623,0.015454216,0.006070543,1,1,153,North Carolina,86.09,South,8,100
mens,3/18/21,0,1,0.595085068,0.239744228,0.120716025,0.056436867,0.016224051,0.006012928,1,1,99,Louisiana State,85.07,East,8,36
mens,3/18/21,0,1,0.80014785,0.40696807,0.102305518,0.042788411,0.015779837,0.005339152,1,1,197,Oklahoma State,84.89,Midwest,4,76
mens,3/18/21,0,1,0.570310707,0.274807464,0.113177882,0.050751559,0.013899608,0.004946692,1,1,252,Brigham Young,84.53,East,6,48
mens,3/18/21,0,1,0.752323443,0.364917536,0.091413384,0.041122778,0.014499159,0.004902104,1,1,222,Villanova,84.75,South,5,104
mens,3/18/21,0,1,0.715025067,0.149492068,0.083505714,0.036251966,0.013859747,0.004850998,1,1,2350,Loyola (IL),85.09,Midwest,8,68
mens,3/18/21,0,1,0.460700399,0.176837481,0.089161441,0.040376309,0.011181887,0.004016834,1,1,120,Maryland,84.36,East,10,58
mens,3/18/21,0,1,0.624959735,0.192295646,0.092560759,0.02224047,0.010613217,0.003860422,1,1,2483,Oregon,84.6,West,7,24
mens,3/18/21,0,1,0.576384892,0.171417525,0.081503853,0.026171117,0.009612817,0.003240257,1,1,164,Rutgers,84.13,Midwest,10,90
mens,3/18/21,0,1,0.579495387,0.178461223,0.076485587,0.021903777,0.006966674,0.002142718,1,1,57,Florida,83.04,South,7,120
mens,3/18/21,1,1,0.429689293,0.184489976,0.06722179,0.027167095,0.006626075,0.00213805,1,1,26,UCLA,82.92,East,11b,51
mens,3/18/21,0,1,0.404914932,0.135654879,0.059120013,0.024051895,0.005914474,0.001921766,1,1,179,St. Bonaventure,82.87,East,9,38
mens,3/18/21,0,1,0.390583113,0.171373776,0.057899396,0.017312283,0.005971454,0.001897646,1,1,183,Syracuse,83.07,Midwest,11,82
mens,3/18/21,0,1,0.329116798,0.142228191,0.05205415,0.014523699,0.004513261,0.001358823,1,1,328,Utah State,82.37,South,11,114
mens,3/18/21,0,1,0.423615108,0.10669785,0.044849922,0.012614249,0.004121234,0.001244866,1,1,228,Clemson,82.37,Midwest,7,88
mens,3/18/21,0,1,0.284974933,0.033552264,0.018790769,0.008181866,0.003137101,0.001100988,1,1,59,Georgia Tech,79.84,Midwest,9,70
mens,3/18/21,0,1,0.47030284,0.039426949,0.016904186,0.006743071,0.003059731,0.001055005,1,1,201,Oklahoma,81.17,West,8,4
mens,3/18/21,0,1,0.304846947,0.115145827,0.038106237,0.013689705,0.002941701,0.000851544,1,1,46,Georgetown,81.33,East,12,42
mens,3/18/21,0,1,0.375040265,0.087786764,0.034508014,0.00646073,0.002582275,0.000780329,1,1,2670,Virginia Commonwealth,81.69,West,10,26
mens,3/18/21,0,1,0.420504613,0.109422617,0.040837166,0.010088845,0.002811408,0.000765799,1,1,259,Virginia Tech,81.21,South,10,122
mens,3/18/21,0,1,0.52969716,0.048140571,0.017270692,0.005827792,0.002294736,0.000682888,1,1,142,Missouri,81.85,West,9,6
mens,3/18/21,0,1,0.255590608,0.099729388,0.015473077,0.004433397,0.00114092,0.000275777,1,1,204,Oregon State,79.7,Midwest,12,74
mens,3/18/21,0,1,0.237203328,0.072671467,0.020613674,0.004439282,0.001092805,0.000265553,1,1,2142,Colgate,79.61,South,14,118
mens,3/18/21,0,1,0.247676557,0.070908143,0.009279918,0.002579416,0.000560764,0.000121483,1,1,2737,Winthrop,78.42,South,12,106
mens,3/18/21,1,1,0.209325852,0.069598984,0.013760842,0.001722694,0.000504034,0.00011128,1,1,2181,Drake,78.18,West,11a,18
mens,3/18/21,0,1,0.18906559,0.063644319,0.008044126,0.002174686,0.000460043,9.72E-05,1,1,249,North Texas,78.16,South,13,110
mens,3/18/21,0,1,0.170676156,0.045498261,0.010362607,0.002673832,0.000406783,8.69E-05,1,1,2430,North Carolina-Greensboro,77.75,East,13,46
mens,3/18/21,0,1,0.181291647,0.043862945,0.004215331,0.001072858,0.000330986,7.70E-05,1,1,2540,UC-Santa Barbara,78.41,West,12,10
mens,3/18/21,0,1,0.154127428,0.040213228,0.008020751,0.001919333,0.000270088,5.38E-05,1,1,2000,Abilene Christian,77.04,East,14,54
mens,3/18/21,0,1,0.19985215,0.0512258,0.0057175,0.001240216,0.000245421,4.64E-05,1,1,2335,Liberty,76.98,Midwest,13,78
mens,3/18/21,0,1,0.135809453,0.033789839,0.002884461,0.000664313,0.000187673,4.00E-05,1,1,195,Ohio,77.51,West,13,14
mens,3/18/21,0,1,0.17175803,0.040765543,0.006283443,0.000611597,0.000145238,2.61E-05,1,1,331,Eastern Washington,76.07,West,14,22
mens,3/18/21,0,1,0.056110962,0.011700731,0.002199549,0.000181084,3.72E-05,5.82E-06,1,1,2253,Grand Canyon,74.72,West,15,30
mens,3/18/21,0,1,0.094410197,0.014324306,0.001681469,0.000185318,2.56E-05,3.44E-06,1,1,2413,Morehead State,73.72,Midwest,14,86
mens,3/18/21,0,1,0.056222859,0.011255814,0.001715117,0.000171628,2.07E-05,2.59E-06,1,1,198,Oral Roberts,73.27,South,15,126
mens,3/18/21,0,1,0.022848628,0.003581187,0.000586265,7.13E-05,8.13E-06,9.12E-07,1,1,2182,Drexel,72.43,Midwest,16,66
mens,3/18/21,0,1,0.048064759,0.005261076,0.000704865,8.91E-05,6.61E-06,7.29E-07,1,1,314,Iona,71.81,East,15,62
mens,3/18/21,0,1,0.036006387,0.00498067,0.000623533,5.24E-05,5.59E-06,5.88E-07,1,1,325,Cleveland State,71.8,Midwest,15,94
mens,3/18/21,0,1,0.018302036,0.001295509,0.000168598,1.90E-05,1.71E-06,1.61E-07,1,1,42,Hartford,70.93,South,16,98
mens,3/18/21,1,1,0.035909161,0.003276422,0.000314651,3.02E-05,1.71E-06,1.46E-07,1,1,2640,Texas Southern,69.88,East,16b,35
mens,3/18/21,1,1,0.007795539,0.000918896,6.39E-05,4.52E-06,4.28E-07,3.12E-08,1,1,2450,Norfolk State,68.88,West,16a,2
mens,3/18/21,1,0,0,0,0,0,0,0,7,0,2026,Appalachian State,70.28,West,16b,3
mens,3/18/21,1,0,0,0,0,0,0,0,7,0,2724,Wichita State,79.9,West,11b,19
mens,3/18/21,1,0,0,0,0,0,0,0,7,0,116,Mount St. Mary's,68.91,East,16a,34
mens,3/18/21,1,0,0,0,0,0,0,0,7,0,127,Michigan State,82.87,East,11a,50
mens,3/14/21,0,1,0.9893923,0.909016095,0.731849884,0.559871716,0.433404404,0.281433473,1,1,2250,Gonzaga,96.52,West,1,0
mens,3/14/21,0,1,0.977151372,0.813374482,0.650669964,0.445882726,0.271847418,0.149911112,1,1,356,Illinois,93.85,Midwest,1,64
mens,3/14/21,0,1,0.981697964,0.718449209,0.568141916,0.405534928,0.240603107,0.132778455,1,1,239,Baylor,93.64,South,1,96
mens,3/14/21,0,1,0.943889038,0.708216859,0.493107794,0.184475017,0.116183438,0.057798916,1,1,2294,Iowa,90.81,West,2,28
mens,3/14/21,0,1,0.963993613,0.716903955,0.474986771,0.226273713,0.117011019,0.054783281,1,1,248,Houston,90.55,Midwest,2,92
mens,3/14/21,0,1,0.943777141,0.700860346,0.432250443,0.188864399,0.087215476,0.037940212,1,1,194,Ohio State,89.35,South,2,124
mens,3/14/21,0,1,0.951935241,0.595572422,0.366657045,0.2052965,0.073717376,0.032587614,1,1,333,Alabama,88.84,East,2,60
mens,3/14/21,0,1,0.963183438,0.620822135,0.368887927,0.202523742,0.071302456,0.031013461,1,1,130,Michigan,88.64,East,1,32
mens,3/14/21,0,1,0.864190547,0.509315198,0.129880391,0.069667513,0.039454135,0.017343207,1,1,258,Virginia,88.07,West,4,12
mens,3/14/21,0,1,0.829323844,0.469730054,0.228127413,0.114148646,0.035975975,0.014276337,1,1,52,Florida State,86.76,East,4,44
mens,3/14/21,0,1,0.845872572,0.490324383,0.229879354,0.115039872,0.036086678,0.014264169,1,1,251,Texas,86.75,East,3,52
mens,3/14/21,0,1,0.905589803,0.496125754,0.20821633,0.076462407,0.031584211,0.011928723,1,1,277,West Virginia,86.62,Midwest,3,84
mens,3/14/21,0,1,0.554076105,0.163496641,0.105352684,0.058943629,0.026242618,0.011034988,1,1,275,Wisconsin,87.33,South,9,102
mens,3/14/21,0,1,0.818708353,0.413032018,0.096099227,0.048695866,0.026251707,0.010918739,1,1,156,Creighton,87,West,5,8
mens,3/14/21,0,1,0.81093441,0.500530002,0.146600543,0.073241734,0.028835676,0.010824915,1,1,2509,Purdue,86.47,South,4,108
mens,3/14/21,0,1,0.670883202,0.38144028,0.185104855,0.069451182,0.028055419,0.010784037,1,1,2641,Texas Tech,86.44,South,6,112
mens,3/14/21,0,1,0.762796672,0.403660062,0.190939009,0.069694404,0.027479435,0.010329731,1,1,8,Arkansas,86.27,South,3,116
mens,3/14/21,0,1,0.695153053,0.369625859,0.174179193,0.084880382,0.025942901,0.010034235,1,1,38,Colorado,86.03,East,5,40
mens,3/14/21,0,1,0.728453549,0.472606547,0.182263004,0.045746222,0.022428069,0.008409231,1,1,30,Southern California,85.76,West,6,16
mens,3/14/21,0,1,0.786393196,0.353181624,0.146685828,0.039908156,0.020645249,0.008205141,1,1,2305,Kansas,83.5,West,3,20
mens,3/14/21,0,1,0.744409392,0.442076742,0.122951194,0.055379925,0.021944304,0.007969809,1,1,2633,Tennessee,85.79,Midwest,5,72
mens,3/14/21,0,1,0.609416887,0.318176163,0.130238725,0.046698727,0.018892691,0.006996893,1,1,21,San Diego State,85.6,Midwest,6,80
mens,3/14/21,0,1,0.539299601,0.222329021,0.117157507,0.056043374,0.016683728,0.00631198,1,1,41,Connecticut,85.26,East,7,56
mens,3/14/21,0,1,0.445923895,0.116758641,0.070998831,0.037246623,0.015454216,0.00608861,1,1,153,North Carolina,86.09,South,8,100
mens,3/14/21,0,1,0.595085068,0.23994047,0.120806819,0.05628941,0.016343636,0.006054798,1,1,99,Louisiana State,85.07,East,8,36
mens,3/14/21,0,1,0.80014785,0.40696807,0.102305518,0.042788411,0.015779837,0.005357638,1,1,197,Oklahoma State,84.89,Midwest,4,76
mens,3/14/21,0,1,0.752323443,0.364917536,0.091413384,0.041122778,0.014499159,0.004919089,1,1,222,Villanova,84.75,South,5,104
mens,3/14/21,0,1,0.540795588,0.2621436,0.108652448,0.048987547,0.013634083,0.004873687,1,1,252,Brigham Young,84.53,East,6,48
mens,3/14/21,0,1,0.715025067,0.149492068,0.083505714,0.036251966,0.013859747,0.004867271,1,1,2350,Loyola (IL),85.09,Midwest,8,68
mens,3/14/21,0,1,0.624959735,0.192295646,0.099747861,0.023754893,0.011236928,0.004054912,1,1,2483,Oregon,84.6,West,7,24
mens,3/14/21,0,1,0.460700399,0.176837481,0.088258747,0.040014451,0.011206616,0.004027219,1,1,120,Maryland,84.36,East,10,58
mens,3/14/21,0,1,0.576384892,0.171417525,0.081503853,0.026171117,0.009612817,0.003251514,1,1,164,Rutgers,84.13,Midwest,10,90
mens,3/14/21,0,1,0.579495387,0.178461223,0.076485587,0.021903777,0.006966674,0.002150768,1,1,57,Florida,83.04,South,7,120
mens,3/14/21,1,0.542798693,0.257641403,0.120394392,0.047987401,0.020930786,0.005613384,0.001944463,0,1,127,Michigan State,82.87,East,11a,50
mens,3/14/21,0,1,0.404914932,0.135799408,0.059178178,0.02398173,0.005964241,0.001937132,1,1,179,St. Bonaventure,82.87,East,9,38
mens,3/14/21,0,1,0.390583113,0.171373776,0.057899396,0.017312283,0.005971454,0.001904586,1,1,183,Syracuse,83.07,Midwest,11,82
mens,3/14/21,0,1,0.329116798,0.142228191,0.05205415,0.014523699,0.004513261,0.001364015,1,1,328,Utah State,82.37,South,11,114
mens,3/14/21,0,1,0.423615108,0.10669785,0.044849922,0.012614249,0.004121234,0.001249609,1,1,228,Clemson,82.37,Midwest,7,88
mens,3/14/21,1,0.457201307,0.201563009,0.088442998,0.032974143,0.013589562,0.003423402,0.001124193,0,1,26,UCLA,81.89,East,11b,51
mens,3/14/21,0,1,0.47030284,0.040248306,0.017249413,0.00712485,0.003217566,0.001105473,1,1,201,Oklahoma,81.17,West,8,4
mens,3/14/21,0,1,0.284974933,0.033552264,0.018790769,0.008181866,0.003137101,0.001104672,1,1,59,Georgia Tech,79.84,Midwest,9,70
mens,3/14/21,0,1,0.304846947,0.115145827,0.03811635,0.013634748,0.002966602,0.000858447,1,1,46,Georgetown,81.33,East,12,42
mens,3/14/21,0,1,0.375040265,0.087786764,0.037577554,0.00697484,0.002760976,0.000827438,1,1,2670,Virginia Commonwealth,81.69,West,10,26
mens,3/14/21,0,1,0.420504613,0.109422617,0.040837166,0.010088845,0.002811408,0.000768947,1,1,259,Virginia Tech,81.21,South,10,122
mens,3/14/21,0,1,0.52969716,0.049080774,0.017599952,0.006176066,0.002419292,0.000717303,1,1,142,Missouri,81.85,West,9,6
mens,3/14/21,1,0.600511274,0.178177434,0.08712999,0.022539334,0.003721562,0.001348978,0.000369632,0,1,2724,Wichita State,79.9,West,11b,19
mens,3/14/21,0,1,0.255590608,0.099729388,0.015473077,0.004433397,0.00114092,0.000276999,1,1,204,Oregon State,79.7,Midwest,12,74
mens,3/14/21,0,1,0.237203328,0.072671467,0.020613674,0.004439282,0.001092805,0.000266727,1,1,2142,Colgate,79.61,South,14,118
mens,3/14/21,0,1,0.247676557,0.070908143,0.009279918,0.002579416,0.000560764,0.000122055,1,1,2737,Winthrop,78.42,South,12,106
mens,3/14/21,0,1,0.18906559,0.063644319,0.008044126,0.002174686,0.000460043,9.76E-05,1,1,249,North Texas,78.16,South,13,110
mens,3/14/21,0,1,0.170676156,0.045498261,0.01036659,0.002660685,0.000410848,8.78E-05,1,1,2430,North Carolina-Greensboro,77.75,East,13,46
mens,3/14/21,1,0.399488726,0.093369017,0.039079998,0.00830955,0.001123084,0.000348077,8.15E-05,0,1,2181,Drake,77.58,West,11a,18
mens,3/14/21,0,1,0.181291647,0.043862945,0.004254359,0.001133022,0.000347694,8.06E-05,1,1,2540,UC-Santa Barbara,78.41,West,12,10
mens,3/14/21,0,1,0.154127428,0.038694626,0.0077427,0.001858244,0.000266194,5.31E-05,1,1,2000,Abilene Christian,77.04,East,14,54
mens,3/14/21,0,1,0.19985215,0.0512258,0.0057175,0.001240216,0.000245421,4.66E-05,1,1,2335,Liberty,76.98,Midwest,13,78
mens,3/14/21,0,1,0.135809453,0.033789839,0.00291292,0.000703249,0.000197618,4.20E-05,1,1,195,Ohio,77.51,West,13,14
mens,3/14/21,0,1,0.213606804,0.048001842,0.007326482,0.00070829,0.00016645,2.97E-05,1,1,331,Eastern Washington,76.07,West,14,22
mens,3/14/21,0,1,0.056110962,0.011700731,0.002442594,0.000200227,4.08E-05,6.33E-06,1,1,2253,Grand Canyon,74.72,West,15,30
mens,3/14/21,0,1,0.094410197,0.014324306,0.001681469,0.000185318,2.56E-05,3.46E-06,1,1,2413,Morehead State,73.72,Midwest,14,86
mens,3/14/21,0,1,0.056222859,0.011255814,0.001715117,0.000171628,2.07E-05,2.61E-06,1,1,198,Oral Roberts,73.27,South,15,126
mens,3/14/21,0,1,0.022848628,0.003581187,0.000586265,7.13E-05,8.13E-06,9.17E-07,1,1,2182,Drexel,72.43,Midwest,16,66
mens,3/14/21,0,1,0.048064759,0.005261076,0.000690656,8.74E-05,6.61E-06,7.29E-07,1,1,314,Iona,71.81,East,15,62
mens,3/14/21,0,1,0.036006387,0.00498067,0.000623533,5.24E-05,5.59E-06,5.91E-07,1,1,325,Cleveland State,71.8,Midwest,15,94
mens,3/14/21,0,1,0.018302036,0.001295509,0.000168598,1.90E-05,1.71E-06,1.62E-07,1,1,42,Hartford,70.93,South,16,98
mens,3/14/21,1,0.586415856,0.006906844,0.001162383,0.000115217,1.22E-05,1.59E-06,1.60E-07,0,1,2026,Appalachian State,70.28,West,16b,3
mens,3/14/21,1,0.505419944,0.018760224,0.001765028,0.000174511,1.71E-05,1.01E-06,8.87E-08,0,1,116,Mount St. Mary's,68.91,East,16a,34
mens,3/14/21,1,0.494580056,0.018056339,0.00167296,0.00016302,1.58E-05,9.21E-07,7.95E-08,0,1,2640,Texas Southern,68.79,East,16b,35
mens,3/14/21,1,0.413584144,0.003700856,0.000492442,3.86E-05,3.26E-06,3.43E-07,2.79E-08,0,1,2450,Norfolk State,68.29,West,16a,2
,,,,,,,,,,,,,,,,,
,,,,,,,,,,,,,,,,,
,,,,,,,,,,,,,,,,,
,,,,,,,,,,,,,,,,,
,,,,,,,,,,,,,,,,,
,,,,,,,,,,,,,,,,,
,,,,,,,,,,,,,,,,,
,,,,,,,,,,,,,,,,,
,,,,,,,,,,,,,,,,,
,,,,,,,,,,,,,,,,,
,,,,,,,,,,,,,,,,,
,,,,,,,,,,,,,,,,,
,,,,,,,,,,,,,,,,,
,,,,,,,,,,,,,,,,,
,,,,,,,,,,,,,,,,,
,,,,,,,,,,,,,,,,,
,,,,,,,,,,,,,,,,,
,,,,,,,,,,,,,,,,,
,,,,,,,,,,,,,,,,,
,,,,,,,,,,,,,,,,,
,,,,,,,,,,,,,,,,,
,,,,,,,,,,,,,,,,,
,,,,,,,,,,,,,,,,,
,,,,,,,,,,,,,,,,,
,,,,,,,,,,,,,,,,,
,,,,,,,,,,,,,,,,,
,,,,,,,,,,,,,,,,,
,,,,,,,,,,,,,,,,,
,,,,,,,,,,,,,,,,,
,,,,,,,,,,,,,,,,,
,,,,,,,,,,,,,,,,,
,,,,,,,,,,,,,,,,,
,,,,,,,,,,,,,,,,,
,,,,,,,,,,,,,,,,,
,,,,,,,,,,,,,,,,,
,,,,,,,,,,,,,,,,,
,,,,,,,,,,,,,,,,,
,,,,,,,,,,,,,,,,,
,,,,,,,,,,,,,,,,,
,,,,,,,,,,,,,,,,,
,,,,,,,,,,,,,,,,,
,,,,,,,,,,,,,,,,,
,,,,,,,,,,,,,,,,,
,,,,,,,,,,,,,,,,,
,,,,,,,,,,,,,,,,,
,,,,,,,,,,,,,,,,,
,,,,,,,,,,,,,,,,,
,,,,,,,,,,,,,,,,,
,,,,,,,,,,,,,,,,,
,,,,,,,,,,,,,,,,,
,,,,,,,,,,,,,,,,,
,,,,,,,,,,,,,,,,,
,,,,,,,,,,,,,,,,,
,,,,,,,,,,,,,,,,,
,,,,,,,,,,,,,,,,,
,,,,,,,,,,,,,,,,,
,,,,,,,,,,,,,,,,,
,,,,,,,,,,,,,,,,,
,,,,,,,,,,,,,,,,,
,,,,,,,,,,,,,,,,,
,,,,,,,,,,,,,,,,,
,,,,,,,,,,,,,,,,,
,,,,,,,,,,,,,,,,,
,,,,,,,,,,,,,,,,,
,,,,,,,,,,,,,,,,,
,,,,,,,,,,,,,,,,,
,,,,,,,,,,,,,,,,,
,,,,,,,,,,,,,,,,,
,,,,,,,,,,,,,,,,,
,,,,,,,,,,,,,,,,,
,,,,,,,,,,,,,,,,,
,,,,,,,,,,,,,,,,,
,,,,,,,,,,,,,,,,,
,,,,,,,,,,,,,,,,,
,,,,,,,,,,,,,,,,,
,,,,,,,,,,,,,,,,,
,,,,,,,,,,,,,,,,,
,,,,,,,,,,,,,,,,,
,,,,,,,,,,,,,,,,,
,,,,,,,,,,,,,,,,,
,,,,,,,,,,,,,,,,,
,,,,,,,,,,,,,,,,,
,,,,,,,,,,,,,,,,,
,,,,,,,,,,,,,,,,,
,,,,,,,,,,,,,,,,,
,,,,,,,,,,,,,,,,,
,,,,,,,,,,,,,,,,,
,,,,,,,,,,,,,,,,,
,,,,,,,,,,,,,,,,,
,,,,,,,,,,,,,,,,,
,,,,,,,,,,,,,,,,,
,,,,,,,,,,,,,,,,,
,,,,,,,,,,,,,,,,,
,,,,,,,,,,,,,,,,,
,,,,,,,,,,,,,,,,,
,,,,,,,,,,,,,,,,,
,,,,,,,,,,,,,,,,,
,,,,,,,,,,,,,,,,,
,,,,,,,,,,,,,,,,,
,,,,,,,,,,,,,,,,,
,,,,,,,,,,,,,,,,,
,,,,,,,,,,,,,,,,,
,,,,,,,,,,,,,,,,,
,,,,,,,,,,,,,,,,,
,,,,,,,,,,,,,,,,,
,,,,,,,,,,,,,,,,,
,,,,,,,,,,,,,,,,,
,,,,,,,,,,,,,,,,,
,,,,,,,,,,,,,,,,,
,,,,,,,,,,,,,,,,,
,,,,,,,,,,,,,,,,,
,,,,,,,,,,,,,,,,,
,,,,,,,,,,,,,,,,,
,,,,,,,,,,,,,,,,,
,,,,,,,,,,,,,,,,,
,,,,,,,,,,,,,,,,,
,,,,,,,,,,,,,,,,,
,,,,,,,,,,,,,,,,,
,,,,,,,,,,,,,,,,,
,,,,,,,,,,,,,,,,,
,,,,,,,,,,,,,,,,,
,,,,,,,,,,,,,,,,,
,,,,,,,,,,,,,,,,,
,,,,,,,,,,,,,,,,,
,,,,,,,,,,,,,,,,,
,,,,,,,,,,,,,,,,,
,,,,,,,,,,,,,,,,,
,,,,,,,,,,,,,,,,,
,,,,,,,,,,,,,,,,,
,,,,,,,,,,,,,,,,,
,,,,,,,,,,,,,,,,,
,,,,,,,,,,,,,,,,,
,,,,,,,,,,,,,,,,,
,,,,,,,,,,,,,,,,,
,,,,,,,,,,,,,,,,,
,,,,,,,,,,,,,,,,,
,,,,,,,,,,,,,,,,,
,,,,,,,,,,,,,,,,,
,,,,,,,,,,,,,,,,,
,,,,,,,,,,,,,,,,,
,,,,,,,,,,,,,,,,,
,,,,,,,,,,,,,,,,,
,,,,,,,,,,,,,,,,,
,,,,,,,,,,,,,,,,,
,,,,,,,,,,,,,,,,,
,,,,,,,,,,,,,,,,,
,,,,,,,,,,,,,,,,,
,,,,,,,,,,,,,,,,,
,,,,,,,,,,,,,,,,,
,,,,,,,,,,,,,,,,,
,,,,,,,,,,,,,,,,,
,,,,,,,,,,,,,,,,,
,,,,,,,,,,,,,,,,,
,,,,,,,,,,,,,,,,,
,,,,,,,,,,,,,,,,,
,,,,,,,,,,,,,,,,,
,,,,,,,,,,,,,,,,,
,,,,,,,,,,,,,,,,,
,,,,,,,,,,,,,,,,,
,,,,,,,,,,,,,,,,,
,,,,,,,,,,,,,,,,,
,,,,,,,,,,,,,,,,,
,,,,,,,,,,,,,,,,,
,,,,,,,,,,,,,,,,,
,,,,,,,,,,,,,,,,,
,,,,,,,,,,,,,,,,,
,,,,,,,,,,,,,,,,,
,,,,,,,,,,,,,,,,,
,,,,,,,,,,,,,,,,,
,,,,,,,,,,,,,,,,,
,,,,,,,,,,,,,,,,,
,,,,,,,,,,,,,,,,,
,,,,,,,,,,,,,,,,,
,,,,,,,,,,,,,,,,,
,,,,,,,,,,,,,,,,,
,,,,,,,,,,,,,,,,,
,,,,,,,,,,,,,,,,,
,,,,,,,,,,,,,,,,,
,,,,,,,,,,,,,,,,,
,,,,,,,,,,,,,,,,,
,,,,,,,,,,,,,,,,,
,,,,,,,,,,,,,,,,,
,,,,,,,,,,,,,,,,,
,,,,,,,,,,,,,,,,,
,,,,,,,,,,,,,,,,,
,,,,,,,,,,,,,,,,,
,,,,,,,,,,,,,,,,,
,,,,,,,,,,,,,,,,,
,,,,,,,,,,,,,,,,,
,,,,,,,,,,,,,,,,,
,,,,,,,,,,,,,,,,,
,,,,,,,,,,,,,,,,,
,,,,,,,,,,,,,,,,,
,,,,,,,,,,,,,,,,,
,,,,,,,,,,,,,,,,,
,,,,,,,,,,,,,,,,,
,,,,,,,,,,,,,,,,,
,,,,,,,,,,,,,,,,,
,,,,,,,,,,,,,,,,,
,,,,,,,,,,,,,,,,,
,,,,,,,,,,,,,,,,,
,,,,,,,,,,,,,,,,,
,,,,,,,,,,,,,,,,,
,,,,,,,,,,,,,,,,,
,,,,,,,,,,,,,,,,,
,,,,,,,,,,,,,,,,,
,,,,,,,,,,,,,,,,,
,,,,,,,,,,,,,,,,,
,,,,,,,,,,,,,,,,,
,,,,,,,,,,,,,,,,,
,,,,,,,,,,,,,,,,,
,,,,,,,,,,,,,,,,,
,,,,,,,,,,,,,,,,,
,,,,,,,,,,,,,,,,,
,,,,,,,,,,,,,,,,,
,,,,,,,,,,,,,,,,,
,,,,,,,,,,,,,,,,,
,,,,,,,,,,,,,,,,,
,,,,,,,,,,,,,,,,,
,,,,,,,,,,,,,,,,,
,,,,,,,,,,,,,,,,,
,,,,,,,,,,,,,,,,,
,,,,,,,,,,,,,,,,,
,,,,,,,,,,,,,,,,,
,,,,,,,,,,,,,,,,,
,,,,,,,,,,,,,,,,,
,,,,,,,,,,,,,,,,,
,,,,,,,,,,,,,,,,,
,,,,,,,,,,,,,,,,,
,,,,,,,,,,,,,,,,,
,,,,,,,,,,,,,,,,,
,,,,,,,,,,,,,,,,,
,,,,,,,,,,,,,,,,,
,,,,,,,,,,,,,,,,,
,,,,,,,,,,,,,,,,,
,,,,,,,,,,,,,,,,,
,,,,,,,,,,,,,,,,,
,,,,,,,,,,,,,,,,,
,,,,,,,,,,,,,,,,,
,,,,,,,,,,,,,,,,,
,,,,,,,,,,,,,,,,,
,,,,,,,,,,,,,,,,,
,,,,,,,,,,,,,,,,,
,,,,,,,,,,,,,,,,,
,,,,,,,,,,,,,,,,,
,,,,,,,,,,,,,,,,,
,,,,,,,,,,,,,,,,,
,,,,,,,,,,,,,,,,,
,,,,,,,,,,,,,,,,,
,,,,,,,,,,,,,,,,,
,,,,,,,,,,,,,,,,,
,,,,,,,,,,,,,,,,,
,,,,,,,,,,,,,,,,,
,,,,,,,,,,,,,,,,,
,,,,,,,,,,,,,,,,,
,,,,,,,,,,,,,,,,,